{"cameraMode":{"drawMode":0,"name":"Shaded","section":"Shading Mode"},"sceneLighting":false,"audioPlay":false,"sceneViewState":{"showFog":true,"showMaterialUpdate":false,"showSkybox":false,"showFlares":true,"showImageEffects":true,"showParticleSystems":true},"in2DMode":false,"pivot":{"x":1.400263786315918,"y":2.0292956829071047,"z":7.799171447753906},"rotation":{"x":-0.0256249587982893,"y":0.1070561632514,"z":0.002986212959513068,"w":0.9942570328712463},"size":3.5715763568878176,"orthographic":false}