{"cameraMode":{"drawMode":0,"name":"Shaded","section":"Shading Mode"},"sceneLighting":true,"audioPlay":false,"sceneViewState":{"showFog":true,"showMaterialUpdate":false,"showSkybox":true,"showFlares":true,"showImageEffects":true,"showParticleSystems":true},"in2DMode":false,"pivot":{"x":-0.49760890007019045,"y":-8.107009887695313,"z":22.70365333557129},"rotation":{"x":0.07163418084383011,"y":-0.014660529792308808,"z":0.0010530523722991348,"w":0.9973723888397217},"size":44.04347610473633,"orthographic":false}