{"cameraMode":{"drawMode":0,"name":"Shaded","section":"Shading Mode"},"sceneLighting":true,"audioPlay":false,"sceneViewState":{"showFog":true,"showMaterialUpdate":false,"showSkybox":true,"showFlares":true,"showImageEffects":true,"showParticleSystems":true},"in2DMode":false,"pivot":{"x":1.248173713684082,"y":-3.3142993450164797,"z":7.054697036743164},"rotation":{"x":-0.056968752294778827,"y":-0.06873432546854019,"z":0.003428087569773197,"w":-0.9978383183479309},"size":13.29689884185791,"orthographic":false}