{"cameraMode":{"drawMode":0,"name":"Shaded","section":"Shading Mode"},"sceneLighting":true,"audioPlay":false,"sceneViewState":{"showFog":true,"showMaterialUpdate":false,"showSkybox":false,"showFlares":true,"showImageEffects":true,"showParticleSystems":true},"in2DMode":false,"pivot":{"x":0.1308535933494568,"y":0.25110816955566409,"z":-0.09611105918884278},"rotation":{"x":0.01587650738656521,"y":-0.05366611108183861,"z":0.0008534446242265403,"w":0.9984425902366638},"size":4.977116107940674,"orthographic":false}