{"cameraMode":{"drawMode":0,"name":"Shaded","section":"Shading Mode"},"sceneLighting":true,"audioPlay":false,"sceneViewState":{"showFog":true,"showMaterialUpdate":false,"showSkybox":true,"showFlares":true,"showImageEffects":true,"showParticleSystems":true},"in2DMode":false,"pivot":{"x":-0.000049054622650146484,"y":-3.506347894668579,"z":-2.9743263721466066},"rotation":{"x":0.016649572178721429,"y":-0.9615376591682434,"z":-0.05918208137154579,"w":-0.26928696036338808},"size":4.6421637535095219,"orthographic":false}