{"cameraMode":{"drawMode":0,"name":"Shaded","section":"Shading Mode"},"sceneLighting":true,"audioPlay":false,"sceneViewState":{"showFog":true,"showMaterialUpdate":false,"showSkybox":true,"showFlares":true,"showImageEffects":true,"showParticleSystems":true},"in2DMode":false,"pivot":{"x":-1.7787102460861207,"y":-0.29041633009910586,"z":16.0904541015625},"rotation":{"x":0.01587650738656521,"y":-0.05366611108183861,"z":0.0008534446242265403,"w":0.9984425902366638},"size":20.87002944946289,"orthographic":false}