{"cameraMode":{"drawMode":0,"name":"Shaded","section":"Shading Mode"},"sceneLighting":true,"audioPlay":false,"sceneViewState":{"showFog":true,"showMaterialUpdate":false,"showSkybox":true,"showFlares":true,"showImageEffects":true,"showParticleSystems":true},"in2DMode":false,"pivot":{"x":-2.0449671745300295,"y":-9.731876373291016,"z":25.233715057373048},"rotation":{"x":-0.14339348673820496,"y":-0.0032643594313412906,"z":-0.004793827887624502,"w":-0.9909746646881104},"size":30.143613815307618,"orthographic":false}