{"cameraMode":{"drawMode":0,"name":"Shaded","section":"Shading Mode"},"sceneLighting":true,"audioPlay":false,"sceneViewState":{"showFog":true,"showMaterialUpdate":false,"showSkybox":true,"showFlares":true,"showImageEffects":true,"showParticleSystems":true},"in2DMode":false,"pivot":{"x":-0.016744375228881837,"y":-3.576784372329712,"z":-3.0370259284973146},"rotation":{"x":0.15946358442306519,"y":0.14866432547569276,"z":-0.024300256744027139,"w":0.975659966468811},"size":4.36389684677124,"orthographic":false}