{"cameraMode":{"drawMode":0,"name":"Shaded","section":"Shading Mode"},"sceneLighting":true,"audioPlay":false,"sceneViewState":{"showFog":true,"showMaterialUpdate":false,"showSkybox":true,"showFlares":true,"showImageEffects":true,"showParticleSystems":true},"in2DMode":false,"pivot":{"x":-5.823916435241699,"y":2.533118963241577,"z":-15.021342277526856},"rotation":{"x":-0.031996458768844607,"y":-0.7104134559631348,"z":0.027441782876849176,"w":-0.7034688591957092},"size":4.343387126922607,"orthographic":false}