{"cameraMode":{"drawMode":0,"name":"Shaded","section":"Shading Mode"},"sceneLighting":true,"audioPlay":false,"sceneViewState":{"showFog":true,"showMaterialUpdate":false,"showSkybox":true,"showFlares":true,"showImageEffects":true,"showParticleSystems":true},"in2DMode":false,"pivot":{"x":2.918123722076416,"y":-0.9712470769882202,"z":6.851702690124512},"rotation":{"x":-0.07064349949359894,"y":0.05310975760221481,"z":0.003999095410108566,"w":0.9964162707328796},"size":13.920181274414063,"orthographic":false}