{"cameraMode":{"drawMode":0,"name":"Shaded","section":"Shading Mode"},"sceneLighting":false,"audioPlay":false,"sceneViewState":{"showFog":true,"showMaterialUpdate":false,"showSkybox":false,"showFlares":true,"showImageEffects":true,"showParticleSystems":true},"in2DMode":false,"pivot":{"x":-38.07552719116211,"y":0.08004605025053024,"z":46.24700164794922},"rotation":{"x":-0.004803547635674477,"y":-0.5383606553077698,"z":-0.003068445483222604,"w":0.8427011370658875},"size":44.0421028137207,"orthographic":false}