{"cameraMode":{"drawMode":0,"name":"Shaded","section":"Shading Mode"},"sceneLighting":true,"audioPlay":false,"sceneViewState":{"showFog":true,"showMaterialUpdate":false,"showSkybox":true,"showFlares":true,"showImageEffects":true,"showParticleSystems":true},"in2DMode":false,"pivot":{"x":0.14221391081809998,"y":-3.343796730041504,"z":-0.09537950903177262},"rotation":{"x":-0.12526807188987733,"y":-0.0421498604118824,"z":0.0028876345604658128,"w":-0.9929372668266296},"size":3.4795219898223879,"orthographic":false}