{"cameraMode":{"drawMode":0,"name":"Shaded","section":"Shading Mode"},"sceneLighting":false,"audioPlay":false,"sceneViewState":{"showFog":true,"showMaterialUpdate":false,"showSkybox":false,"showFlares":true,"showImageEffects":true,"showParticleSystems":true},"in2DMode":false,"pivot":{"x":5.578000068664551,"y":0.7150000333786011,"z":-3.8269999027252199},"rotation":{"x":-0.0027430152986198665,"y":-0.9968100786209106,"z":0.07040031254291535,"w":-0.03851371631026268},"size":3.4294610023498537,"orthographic":false}