{"cameraMode":{"drawMode":0,"name":"Shaded","section":"Shading Mode"},"sceneLighting":false,"audioPlay":false,"sceneViewState":{"showFog":true,"showMaterialUpdate":false,"showSkybox":false,"showFlares":true,"showImageEffects":true,"showParticleSystems":true},"in2DMode":false,"pivot":{"x":6.121311187744141,"y":-27.698593139648439,"z":-17.51926040649414},"rotation":{"x":0.21950049698352815,"y":0.36764058470726015,"z":-0.08979852497577667,"w":0.8993616700172424},"size":4.443249702453613,"orthographic":false}