{"cameraMode":{"drawMode":0,"name":"Shaded","section":"Shading Mode"},"sceneLighting":false,"audioPlay":false,"sceneViewState":{"showFog":true,"showMaterialUpdate":false,"showSkybox":false,"showFlares":true,"showImageEffects":true,"showParticleSystems":true},"in2DMode":false,"pivot":{"x":7.820673942565918,"y":0.8885445594787598,"z":-20.910282135009767},"rotation":{"x":-0.09723153710365296,"y":0.5926921963691711,"z":-0.07237720489501953,"w":-0.796268880367279},"size":2.998098850250244,"orthographic":false}