{"cameraMode":{"drawMode":0,"name":"Shaded","section":"Shading Mode"},"sceneLighting":true,"audioPlay":false,"sceneViewState":{"showFog":true,"showMaterialUpdate":false,"showSkybox":false,"showFlares":true,"showImageEffects":true,"showParticleSystems":true},"in2DMode":false,"pivot":{"x":1.2874183654785157,"y":-2.55763578414917,"z":45.15587615966797},"rotation":{"x":-0.020109998062253,"y":-0.0023180898278951647,"z":0.0002900154795497656,"w":-0.9999684691429138},"size":35.00178527832031,"orthographic":false}