{"cameraMode":{"drawMode":0,"name":"Shaded","section":"Shading Mode"},"sceneLighting":true,"audioPlay":false,"sceneViewState":{"showFog":true,"showMaterialUpdate":false,"showSkybox":false,"showFlares":true,"showImageEffects":true,"showParticleSystems":true},"in2DMode":false,"pivot":{"x":-0.6504502296447754,"y":-0.009936630725860596,"z":93.78597259521485},"rotation":{"x":0.33379361033439639,"y":-0.5151306986808777,"z":0.2275196760892868,"w":0.7560434341430664},"size":1.187058925628662,"orthographic":false}