{"cameraMode":{"drawMode":0,"name":"Shaded","section":"Shading Mode"},"sceneLighting":true,"audioPlay":false,"sceneViewState":{"showFog":true,"showMaterialUpdate":false,"showSkybox":false,"showFlares":true,"showImageEffects":true,"showParticleSystems":true},"in2DMode":false,"pivot":{"x":0.6312351822853088,"y":-2.083249092102051,"z":3.023437261581421},"rotation":{"x":-0.07335852831602097,"y":-0.04816924408078194,"z":0.0035460107028484346,"w":-0.9961418509483337},"size":9.333808898925782,"orthographic":false}