{"cameraMode":{"drawMode":0,"name":"Shaded","section":"Shading Mode"},"sceneLighting":true,"audioPlay":false,"sceneViewState":{"showFog":true,"showMaterialUpdate":false,"showSkybox":false,"showFlares":true,"showImageEffects":true,"showParticleSystems":true},"in2DMode":false,"pivot":{"x":-0.5264071822166443,"y":-3.6019246578216554,"z":41.91444778442383},"rotation":{"x":0.17875252664089204,"y":-0.001165068126283586,"z":0.00024330263840965927,"w":0.983940601348877},"size":4.443244934082031,"orthographic":false}