{"cameraMode":{"drawMode":0,"name":"Shaded","section":"Shading Mode"},"sceneLighting":false,"audioPlay":false,"sceneViewState":{"showFog":true,"showMaterialUpdate":false,"showSkybox":false,"showFlares":true,"showImageEffects":true,"showParticleSystems":true},"in2DMode":false,"pivot":{"x":-0.3090384900569916,"y":-5.786343574523926,"z":152.25567626953126},"rotation":{"x":-0.002229610923677683,"y":0.9635103940963745,"z":-0.008109009824693203,"w":-0.2680855691432953},"size":4.443258285522461,"orthographic":false}