{"cameraMode":{"drawMode":0,"name":"Shaded","section":"Shading Mode"},"sceneLighting":true,"audioPlay":false,"sceneViewState":{"showFog":true,"showMaterialUpdate":false,"showSkybox":false,"showFlares":true,"showImageEffects":true,"showParticleSystems":true},"in2DMode":false,"pivot":{"x":1.7343263626098633,"y":-5.294747829437256,"z":38.66191864013672},"rotation":{"x":0.041361283510923389,"y":-0.04224073141813278,"z":0.0017870174488052726,"w":0.9982883930206299},"size":4.443244934082031,"orthographic":false}