{"cameraMode":{"drawMode":0,"name":"Shaded","section":"Shading Mode"},"sceneLighting":false,"audioPlay":false,"sceneViewState":{"showFog":true,"showMaterialUpdate":false,"showSkybox":false,"showFlares":true,"showImageEffects":true,"showParticleSystems":true},"in2DMode":false,"pivot":{"x":-0.09838449209928513,"y":-6.430975914001465,"z":152.71820068359376},"rotation":{"x":-0.09350032359361649,"y":0.8387921452522278,"z":-0.15202316641807557,"w":-0.5146611928939819},"size":4.443258285522461,"orthographic":false}