{"cameraMode":{"drawMode":0,"name":"Shaded","section":"Shading Mode"},"sceneLighting":true,"audioPlay":false,"sceneViewState":{"showFog":true,"showMaterialUpdate":false,"showSkybox":false,"showFlares":true,"showImageEffects":true,"showParticleSystems":true},"in2DMode":false,"pivot":{"x":74.80052185058594,"y":-7.442262172698975,"z":89.25724029541016},"rotation":{"x":0.03567253425717354,"y":0.678479015827179,"z":-0.032994624227285388,"w":0.7330513596534729},"size":89.06060028076172,"orthographic":false}