{"cameraMode":{"drawMode":0,"name":"Shaded","section":"Shading Mode"},"sceneLighting":true,"audioPlay":false,"sceneViewState":{"showFog":true,"showMaterialUpdate":false,"showSkybox":false,"showFlares":true,"showImageEffects":true,"showParticleSystems":true},"in2DMode":false,"pivot":{"x":-0.5956705212593079,"y":-2.9937052726745607,"z":28.49925422668457},"rotation":{"x":-0.06084074452519417,"y":0.020368412137031556,"z":0.0013250724878162146,"w":0.9979884028434753},"size":4.443244934082031,"orthographic":false}