{"cameraMode":{"drawMode":0,"name":"Shaded","section":"Shading Mode"},"sceneLighting":true,"audioPlay":false,"sceneViewState":{"showFog":true,"showMaterialUpdate":false,"showSkybox":false,"showFlares":true,"showImageEffects":true,"showParticleSystems":true},"in2DMode":false,"pivot":{"x":3.0500338077545168,"y":4.170389175415039,"z":34.335628509521487},"rotation":{"x":-0.0018404073780402542,"y":-0.9598270654678345,"z":0.2805911898612976,"w":-0.006300691980868578},"size":2.4566874504089357,"orthographic":false}