{"cameraMode":{"drawMode":0,"name":"Shaded","section":"Shading Mode"},"sceneLighting":false,"audioPlay":false,"sceneViewState":{"showFog":true,"showMaterialUpdate":false,"showSkybox":false,"showFlares":true,"showImageEffects":true,"showParticleSystems":true},"in2DMode":false,"pivot":{"x":5.817803382873535,"y":1.2192802429199219,"z":-10.732220649719239},"rotation":{"x":-0.09723153710365296,"y":0.5926921963691711,"z":-0.07237720489501953,"w":-0.796268880367279},"size":6.183155059814453,"orthographic":false}