{"cameraMode":{"drawMode":0,"name":"Shaded","section":"Shading Mode"},"sceneLighting":false,"audioPlay":false,"sceneViewState":{"showFog":true,"showMaterialUpdate":false,"showSkybox":false,"showFlares":true,"showImageEffects":true,"showParticleSystems":true},"in2DMode":false,"pivot":{"x":7.199999809265137,"y":23.201282501220704,"z":44.4900016784668},"rotation":{"x":-0.07365535944700241,"y":-0.13255690038204194,"z":-0.010015076026320458,"w":0.9885249733924866},"size":101.91323852539063,"orthographic":false}