{"cameraMode":{"drawMode":0,"name":"Shaded","section":"Shading Mode"},"sceneLighting":true,"audioPlay":false,"sceneViewState":{"showFog":true,"showMaterialUpdate":false,"showSkybox":false,"showFlares":true,"showImageEffects":true,"showParticleSystems":true},"in2DMode":false,"pivot":{"x":-0.5001426935195923,"y":-1.516939401626587,"z":100.00746154785156},"rotation":{"x":0.00007271791400853544,"y":0.9977030158042908,"z":-0.07016415894031525,"w":0.00577537203207612},"size":1.7754795551300049,"orthographic":false}