{"cameraMode":{"drawMode":0,"name":"Shaded","section":"Shading Mode"},"sceneLighting":true,"audioPlay":false,"sceneViewState":{"showFog":true,"showMaterialUpdate":false,"showSkybox":false,"showFlares":true,"showImageEffects":true,"showParticleSystems":true},"in2DMode":false,"pivot":{"x":-0.46674540638923647,"y":-4.6779656410217289,"z":95.90868377685547},"rotation":{"x":0.2166551649570465,"y":0.6670161485671997,"z":-0.2122277468442917,"w":0.6806402802467346},"size":1.187058925628662,"orthographic":false}