{"cameraMode":{"drawMode":0,"name":"Shaded","section":"Shading Mode"},"sceneLighting":false,"audioPlay":false,"sceneViewState":{"showFog":true,"showMaterialUpdate":false,"showSkybox":false,"showFlares":true,"showImageEffects":true,"showParticleSystems":true},"in2DMode":false,"pivot":{"x":7.433719635009766,"y":-0.23864412307739259,"z":-9.147478103637696},"rotation":{"x":-0.1533229649066925,"y":0.5398502349853516,"z":-0.10075758397579193,"w":-0.821536660194397},"size":9.959296226501465,"orthographic":false}