{"cameraMode":{"drawMode":0,"name":"Shaded","section":"Shading Mode"},"sceneLighting":true,"audioPlay":false,"sceneViewState":{"showFog":true,"showMaterialUpdate":false,"showSkybox":false,"showFlares":true,"showImageEffects":true,"showParticleSystems":true},"in2DMode":false,"pivot":{"x":25.670665740966798,"y":-17.514068603515626,"z":-59.50434494018555},"rotation":{"x":-0.00856736209243536,"y":-0.9895696043968201,"z":0.06631012260913849,"w":-0.12774190306663514},"size":89.06059265136719,"orthographic":false}