{"cameraMode":{"drawMode":0,"name":"Shaded","section":"Shading Mode"},"sceneLighting":true,"audioPlay":false,"sceneViewState":{"showFog":true,"showMaterialUpdate":false,"showSkybox":false,"showFlares":true,"showImageEffects":true,"showParticleSystems":true},"in2DMode":false,"pivot":{"x":-21.035449981689454,"y":-5.467077732086182,"z":-724.9784545898438},"rotation":{"x":-0.005401086527854204,"y":0.06159317120909691,"z":-0.0003053091058973223,"w":-0.9982002377510071},"size":166.0496063232422,"orthographic":false}