{"cameraMode":{"drawMode":0,"name":"Shaded","section":"Shading Mode"},"sceneLighting":true,"audioPlay":false,"sceneViewState":{"showFog":true,"showMaterialUpdate":false,"showSkybox":false,"showFlares":true,"showImageEffects":true,"showParticleSystems":true},"in2DMode":false,"pivot":{"x":2.836463451385498,"y":3.7575583457946779,"z":-3.3462557792663576},"rotation":{"x":-0.0045445081777870659,"y":-0.9955120086669922,"z":0.068807452917099,"w":-0.06541723012924195},"size":2.8578834533691408,"orthographic":false}