{"cameraMode":{"drawMode":0,"name":"Shaded","section":"Shading Mode"},"sceneLighting":true,"audioPlay":false,"sceneViewState":{"showFog":true,"showMaterialUpdate":false,"showSkybox":false,"showFlares":true,"showImageEffects":true,"showParticleSystems":true},"in2DMode":false,"pivot":{"x":2.169607400894165,"y":-2.136107921600342,"z":-3.7854981422424318},"rotation":{"x":-0.03326813131570816,"y":-0.034004151821136478,"z":-0.0011849629227072,"w":0.9989922046661377},"size":5.5790205001831059,"orthographic":false}