{"cameraMode":{"drawMode":0,"name":"Shaded","section":"Shading Mode"},"sceneLighting":true,"audioPlay":false,"sceneViewState":{"showFog":true,"showMaterialUpdate":false,"showSkybox":false,"showFlares":true,"showImageEffects":true,"showParticleSystems":true},"in2DMode":false,"pivot":{"x":-12.653351783752442,"y":-59.78460693359375,"z":-15.793376922607422},"rotation":{"x":-0.05980338901281357,"y":0.8992637395858765,"z":-0.41330280900001528,"w":-0.13012012839317323},"size":89.06059265136719,"orthographic":false}