{"cameraMode":{"drawMode":0,"name":"Shaded","section":"Shading Mode"},"sceneLighting":false,"audioPlay":false,"sceneViewState":{"showFog":true,"showMaterialUpdate":false,"showSkybox":false,"showFlares":true,"showImageEffects":true,"showParticleSystems":true},"in2DMode":false,"pivot":{"x":-4.016486644744873,"y":-1.9884412288665772,"z":156.37452697753907},"rotation":{"x":0.13060671091079713,"y":-0.6194446086883545,"z":0.10540660470724106,"w":0.7670779228210449},"size":1.1791887283325196,"orthographic":false}