{"cameraMode":{"drawMode":0,"name":"Shaded","section":"Shading Mode"},"sceneLighting":false,"audioPlay":false,"sceneViewState":{"showFog":true,"showMaterialUpdate":false,"showSkybox":false,"showFlares":true,"showImageEffects":true,"showParticleSystems":true},"in2DMode":false,"pivot":{"x":-3.41855788230896,"y":-42.52817153930664,"z":-8.634649276733399},"rotation":{"x":0.006451149005442858,"y":0.9896078705787659,"z":-0.13654300570487977,"w":0.04707745462656021},"size":4.443249702453613,"orthographic":false}