{"cameraMode":{"drawMode":0,"name":"Shaded","section":"Shading Mode"},"sceneLighting":false,"audioPlay":false,"sceneViewState":{"showFog":true,"showMaterialUpdate":false,"showSkybox":false,"showFlares":true,"showImageEffects":true,"showParticleSystems":true},"in2DMode":false,"pivot":{"x":4.291073799133301,"y":0.4240977168083191,"z":-8.22175121307373},"rotation":{"x":-0.018501797690987588,"y":0.6370289921760559,"z":-0.015298992395401001,"w":-0.7704801559448242},"size":0.5401882529258728,"orthographic":false}