{"cameraMode":{"drawMode":0,"name":"Shaded","section":"Shading Mode"},"sceneLighting":true,"audioPlay":false,"sceneViewState":{"showFog":true,"showMaterialUpdate":false,"showSkybox":false,"showFlares":true,"showImageEffects":true,"showParticleSystems":true},"in2DMode":false,"pivot":{"x":3.6889116764068605,"y":7.730589866638184,"z":22.73914909362793},"rotation":{"x":0.014956571161746979,"y":-0.7208414673805237,"z":-0.015568459406495095,"w":-0.6927995085716248},"size":2.4566874504089357,"orthographic":false}