{"cameraMode":{"drawMode":0,"name":"Shaded","section":"Shading Mode"},"sceneLighting":false,"audioPlay":false,"sceneViewState":{"showFog":true,"showMaterialUpdate":false,"showSkybox":false,"showFlares":true,"showImageEffects":true,"showParticleSystems":true},"in2DMode":false,"pivot":{"x":-11.0,"y":4.63969612121582,"z":-60.81999969482422},"rotation":{"x":-0.0018892401130869985,"y":-0.9982202053070068,"z":0.04405946284532547,"w":-0.04297382012009621},"size":19.87897300720215,"orthographic":false}