{"cameraMode":{"drawMode":0,"name":"Shaded","section":"Shading Mode"},"sceneLighting":true,"audioPlay":false,"sceneViewState":{"showFog":true,"showMaterialUpdate":false,"showSkybox":false,"showFlares":true,"showImageEffects":true,"showParticleSystems":true},"in2DMode":false,"pivot":{"x":1.6109321117401124,"y":-4.739419460296631,"z":36.12776184082031},"rotation":{"x":0.02879747934639454,"y":0.00029973508208058774,"z":-0.0000028835347620770337,"w":0.9996424913406372},"size":26.354862213134767,"orthographic":false}