{"cameraMode":{"drawMode":0,"name":"Shaded","section":"Shading Mode"},"sceneLighting":true,"audioPlay":false,"sceneViewState":{"showFog":true,"showMaterialUpdate":false,"showSkybox":false,"showFlares":true,"showImageEffects":true,"showParticleSystems":true},"in2DMode":false,"pivot":{"x":-15.213827133178711,"y":-26.48712730407715,"z":-33.1689453125},"rotation":{"x":0.004503629636019468,"y":-0.9950568079948425,"z":0.08087851107120514,"w":0.05814794823527336},"size":162.22425842285157,"orthographic":false}