{"cameraMode":{"drawMode":0,"name":"Shaded","section":"Shading Mode"},"sceneLighting":true,"audioPlay":false,"sceneViewState":{"showFog":true,"showMaterialUpdate":false,"showSkybox":true,"showFlares":true,"showImageEffects":true,"showParticleSystems":true},"in2DMode":false,"pivot":{"x":1.1171303987503052,"y":-2.914976119995117,"z":-3.0055880546569826},"rotation":{"x":0.028413929045200349,"y":-0.012355982325971127,"z":0.0006309134769253433,"w":0.9995847940444946},"size":3.0894999504089357,"orthographic":false}