{"cameraMode":{"drawMode":0,"name":"Shaded","section":"Shading Mode"},"sceneLighting":false,"audioPlay":false,"sceneViewState":{"showFog":true,"showMaterialUpdate":false,"showSkybox":false,"showFlares":true,"showImageEffects":true,"showParticleSystems":true},"in2DMode":false,"pivot":{"x":3.446136474609375,"y":-4.967738151550293,"z":3.1592743396759035},"rotation":{"x":0.00704483175650239,"y":-0.33960744738578799,"z":-0.0025445781648159029,"w":-0.9405547380447388},"size":3.3033676147460939,"orthographic":false}