{"cameraMode":{"drawMode":0,"name":"Shaded","section":"Shading Mode"},"sceneLighting":true,"audioPlay":false,"sceneViewState":{"showFog":true,"showMaterialUpdate":false,"showSkybox":false,"showFlares":true,"showImageEffects":true,"showParticleSystems":true},"in2DMode":false,"pivot":{"x":-7.331576347351074,"y":7.2122087478637699,"z":26.185941696166993},"rotation":{"x":0.0002595046244096011,"y":-0.9991867542266846,"z":0.041089821606874469,"w":0.006290983408689499},"size":14.871302604675293,"orthographic":false}