{"cameraMode":{"drawMode":0,"name":"Shaded","section":"Shading Mode"},"sceneLighting":false,"audioPlay":false,"sceneViewState":{"showFog":true,"showMaterialUpdate":false,"showSkybox":false,"showFlares":true,"showImageEffects":true,"showParticleSystems":true},"in2DMode":false,"pivot":{"x":13.13567066192627,"y":1.857176423072815,"z":-9.523229598999024},"rotation":{"x":0.00042723253136500716,"y":-0.9916220903396606,"z":0.12924836575984956,"w":0.0032783725764602424},"size":2.2676665782928469,"orthographic":false}