{"cameraMode":{"drawMode":0,"name":"Shaded","section":"Shading Mode"},"sceneLighting":true,"audioPlay":false,"sceneViewState":{"showFog":true,"showMaterialUpdate":false,"showSkybox":false,"showFlares":true,"showImageEffects":true,"showParticleSystems":true},"in2DMode":false,"pivot":{"x":10.351485252380371,"y":-0.7877873778343201,"z":18.26807975769043},"rotation":{"x":0.02879747934639454,"y":0.00029973508208058774,"z":-0.0000028835347620770337,"w":0.9996424913406372},"size":16.97645378112793,"orthographic":false}