{"cameraMode":{"drawMode":0,"name":"Shaded","section":"Shading Mode"},"sceneLighting":false,"audioPlay":false,"sceneViewState":{"showFog":true,"showMaterialUpdate":false,"showSkybox":false,"showFlares":true,"showImageEffects":true,"showParticleSystems":true},"in2DMode":false,"pivot":{"x":7.820673942565918,"y":0.8885445594787598,"z":-20.910282135009767},"rotation":{"x":0.03449707850813866,"y":-0.01859174855053425,"z":0.000641861988697201,"w":0.9992379546165466},"size":2.998098850250244,"orthographic":false}