{"cameraMode":{"drawMode":0,"name":"Shaded","section":"Shading Mode"},"sceneLighting":false,"audioPlay":false,"sceneViewState":{"showFog":true,"showMaterialUpdate":false,"showSkybox":false,"showFlares":true,"showImageEffects":true,"showParticleSystems":true},"in2DMode":false,"pivot":{"x":0.13464640080928803,"y":-2.231204032897949,"z":-0.26075315475463869},"rotation":{"x":-0.04056017845869064,"y":0.016107304021716119,"z":0.0009329494787380099,"w":0.999111533164978},"size":22.0,"orthographic":false}