{"cameraMode":{"drawMode":0,"name":"Shaded","section":"Shading Mode"},"sceneLighting":false,"audioPlay":false,"sceneViewState":{"showFog":true,"showMaterialUpdate":false,"showSkybox":false,"showFlares":true,"showImageEffects":true,"showParticleSystems":true},"in2DMode":false,"pivot":{"x":4.212741374969482,"y":-1.7769498825073243,"z":-24.95640754699707},"rotation":{"x":-0.04056017845869064,"y":0.016107304021716119,"z":0.0009329494787380099,"w":0.999111533164978},"size":3.0894999504089357,"orthographic":false}