{"cameraMode":{"drawMode":0,"name":"Shaded","section":"Shading Mode"},"sceneLighting":false,"audioPlay":false,"sceneViewState":{"showFog":true,"showMaterialUpdate":false,"showSkybox":false,"showFlares":true,"showImageEffects":true,"showParticleSystems":true},"in2DMode":false,"pivot":{"x":15.186203002929688,"y":1.5894339084625245,"z":-51.721290588378909},"rotation":{"x":-0.025806674733757974,"y":-0.00240206066519022,"z":0.0000619801357970573,"w":-0.9996659755706787},"size":3.2236926555633547,"orthographic":false}