{"cameraMode":{"drawMode":0,"name":"Shaded","section":"Shading Mode"},"sceneLighting":true,"audioPlay":false,"sceneViewState":{"showFog":true,"showMaterialUpdate":false,"showSkybox":false,"showFlares":true,"showImageEffects":true,"showParticleSystems":true},"in2DMode":false,"pivot":{"x":4.261139869689941,"y":-7.601897716522217,"z":108.0057601928711},"rotation":{"x":-0.02004503645002842,"y":-0.967200756072998,"z":0.07971847802400589,"w":-0.24051733314990998},"size":40.652339935302737,"orthographic":false}