{"cameraMode":{"drawMode":0,"name":"Shaded","section":"Shading Mode"},"sceneLighting":true,"audioPlay":false,"sceneViewState":{"showFog":true,"showMaterialUpdate":false,"showSkybox":true,"showFlares":true,"showImageEffects":true,"showParticleSystems":true},"in2DMode":false,"pivot":{"x":-0.000049114227294921875,"y":-3.44022798538208,"z":-2.0609428882598879},"rotation":{"x":0.05708465352654457,"y":0.06669216603040695,"z":-0.0035421010106801988,"w":0.996192991733551},"size":5.345844268798828,"orthographic":false}