{"cameraMode":{"drawMode":0,"name":"Shaded","section":"Shading Mode"},"sceneLighting":true,"audioPlay":false,"sceneViewState":{"showFog":true,"showMaterialUpdate":false,"showSkybox":false,"showFlares":true,"showImageEffects":true,"showParticleSystems":true},"in2DMode":false,"pivot":{"x":1.7875537872314454,"y":9.130313873291016,"z":101.69241333007813},"rotation":{"x":-0.06117217615246773,"y":-0.0006012099329382181,"z":0.000036178447771817446,"w":-0.9981387853622437},"size":162.22425842285157,"orthographic":false}