{"cameraMode":{"drawMode":0,"name":"Shaded","section":"Shading Mode"},"sceneLighting":true,"audioPlay":false,"sceneViewState":{"showFog":true,"showMaterialUpdate":false,"showSkybox":false,"showFlares":true,"showImageEffects":true,"showParticleSystems":true},"in2DMode":false,"pivot":{"x":16.486949920654298,"y":-20.691062927246095,"z":-91.13253784179688},"rotation":{"x":-0.003389198798686266,"y":-0.9965806007385254,"z":0.06955307722091675,"w":-0.045307621359825137},"size":158.61972045898438,"orthographic":false}