{"cameraMode":{"drawMode":0,"name":"Shaded","section":"Shading Mode"},"sceneLighting":true,"audioPlay":false,"sceneViewState":{"showFog":true,"showMaterialUpdate":false,"showSkybox":true,"showFlares":true,"showImageEffects":true,"showParticleSystems":true},"in2DMode":false,"pivot":{"x":-3.8954620361328127,"y":-0.9265286922454834,"z":-3.0109078884124758},"rotation":{"x":0.06389174610376358,"y":-0.5733727216720581,"z":0.04781418293714523,"w":0.8161179423332214},"size":3.5847179889678957,"orthographic":false}