{"cameraMode":{"drawMode":0,"name":"Shaded","section":"Shading Mode"},"sceneLighting":true,"audioPlay":false,"sceneViewState":{"showFog":true,"showMaterialUpdate":false,"showSkybox":false,"showFlares":true,"showImageEffects":true,"showParticleSystems":true},"in2DMode":false,"pivot":{"x":12.368364334106446,"y":12.111352920532227,"z":-44.900001525878909},"rotation":{"x":0.013745452277362347,"y":0.3989402949810028,"z":0.0052324277348816399,"w":-0.9170873761177063},"size":158.61972045898438,"orthographic":false}