{"cameraMode":{"drawMode":0,"name":"Shaded","section":"Shading Mode"},"sceneLighting":false,"audioPlay":false,"sceneViewState":{"showFog":true,"showMaterialUpdate":false,"showSkybox":false,"showFlares":true,"showImageEffects":true,"showParticleSystems":true},"in2DMode":false,"pivot":{"x":0.0008757130126468837,"y":-3.563333511352539,"z":6.502095699310303},"rotation":{"x":-0.06499657034873963,"y":-0.04915723577141762,"z":0.003249767003580928,"w":-0.9968822002410889},"size":4.264729022979736,"orthographic":false}