{"cameraMode":{"drawMode":0,"name":"Shaded","section":"Shading Mode"},"sceneLighting":true,"audioPlay":false,"sceneViewState":{"showFog":true,"showMaterialUpdate":false,"showSkybox":true,"showFlares":true,"showImageEffects":true,"showParticleSystems":true},"in2DMode":false,"pivot":{"x":-18.4533634185791,"y":220.5887451171875,"z":68.00182342529297},"rotation":{"x":0.4230596125125885,"y":0.5775206089019775,"z":-0.45850226283073428,"w":0.5276757478713989},"size":3.5847179889678957,"orthographic":false}